claim_id,denial_probability,predicted_denial,risk_tier,top_risk_factors,explanation
CCLM-00082,0.9406,1,High,Required supporting documentation appears to be missing; Patient eligibility was not verified before the visit; Referral required but not present,"This claim (CCLM-00082, payer P009) shows a high risk of denial at about 94%. The main concern is that required supporting documentation appears to be missing, and also patient eligibility was not verified before the visit and referral required but not present. Recommended action: gather the missing supporting documents and attach them before submitting. This is a model risk estimate, not a guaranteed denial."
CCLM-00087,0.9356,1,High,Required supporting documentation appears to be missing; Patient eligibility was not verified before the visit; Inpatient visit (historically higher denial rate),"This claim (CCLM-00087, payer P010) shows a high risk of denial at about 94%. The main concern is that required supporting documentation appears to be missing, and also patient eligibility was not verified before the visit and inpatient visit (historically higher denial rate). Recommended action: gather the missing supporting documents and attach them before submitting. This is a model risk estimate, not a guaranteed denial."
CCLM-00372,0.9079,1,High,Prior authorization required but not on file; Required supporting documentation appears to be missing; Payer type with an above-average denial rate,"This claim (CCLM-00372, payer P008) shows a high risk of denial at about 91%. The main concern is that prior authorization required but not on file, and also required supporting documentation appears to be missing and payer type with an above-average denial rate. Recommended action: obtain and attach the prior authorization before submitting. This is a model risk estimate, not a guaranteed denial."
CCLM-00049,0.9068,1,High,Prior authorization required but not on file; Required supporting documentation appears to be missing; Referral required but not present,"This claim (CCLM-00049, payer P012) shows a high risk of denial at about 91%. The main concern is that prior authorization required but not on file, and also required supporting documentation appears to be missing and referral required but not present. Recommended action: obtain and attach the prior authorization before submitting. This is a model risk estimate, not a guaranteed denial."
CCLM-00446,0.8938,1,High,Required supporting documentation appears to be missing; Patient eligibility was not verified before the visit; Inpatient visit (historically higher denial rate),"This claim (CCLM-00446, payer P012) shows a high risk of denial at about 89%. The main concern is that required supporting documentation appears to be missing, and also patient eligibility was not verified before the visit and inpatient visit (historically higher denial rate). Recommended action: gather the missing supporting documents and attach them before submitting. This is a model risk estimate, not a guaranteed denial."
CCLM-00344,0.8921,1,High,Prior authorization required but not on file; Required supporting documentation appears to be missing,"This claim (CCLM-00344, payer P010) shows a high risk of denial at about 89%. The main concern is that prior authorization required but not on file, and also required supporting documentation appears to be missing. Recommended action: obtain and attach the prior authorization before submitting. This is a model risk estimate, not a guaranteed denial."
CCLM-00028,0.8842,1,High,Required supporting documentation appears to be missing; Patient eligibility was not verified before the visit; Inpatient visit (historically higher denial rate),"This claim (CCLM-00028, payer P012) shows a high risk of denial at about 88%. The main concern is that required supporting documentation appears to be missing, and also patient eligibility was not verified before the visit and inpatient visit (historically higher denial rate). Recommended action: gather the missing supporting documents and attach them before submitting. This is a model risk estimate, not a guaranteed denial."
CCLM-00259,0.8748,1,High,Prior authorization required but not on file; Referral required but not present; Inpatient visit (historically higher denial rate),"This claim (CCLM-00259, payer P008) shows a high risk of denial at about 87%. The main concern is that prior authorization required but not on file, and also referral required but not present and inpatient visit (historically higher denial rate). Recommended action: obtain and attach the prior authorization before submitting. This is a model risk estimate, not a guaranteed denial."
CCLM-00352,0.8713,1,High,Prior authorization required but not on file; Required supporting documentation appears to be missing; Payer type with an above-average denial rate,"This claim (CCLM-00352, payer P005) shows a high risk of denial at about 87%. The main concern is that prior authorization required but not on file, and also required supporting documentation appears to be missing and payer type with an above-average denial rate. Recommended action: obtain and attach the prior authorization before submitting. This is a model risk estimate, not a guaranteed denial."
CCLM-00177,0.8697,1,High,Prior authorization required but not on file; Required supporting documentation appears to be missing; Claim is being submitted late (timely-filing risk),"This claim (CCLM-00177, payer P003) shows a high risk of denial at about 87%. The main concern is that prior authorization required but not on file, and also required supporting documentation appears to be missing and claim is being submitted late (timely-filing risk). Recommended action: obtain and attach the prior authorization before submitting. This is a model risk estimate, not a guaranteed denial."
CCLM-00285,0.8646,1,High,Prior authorization required but not on file; Required supporting documentation appears to be missing; Inpatient visit (historically higher denial rate),
CCLM-00416,0.8642,1,High,Prior authorization required but not on file; Patient eligibility was not verified before the visit; Inpatient visit (historically higher denial rate),
CCLM-00136,0.8586,1,High,Required supporting documentation appears to be missing; Referral required but not present; Inpatient visit (historically higher denial rate),
CCLM-00023,0.8578,1,High,Prior authorization required but not on file; Required supporting documentation appears to be missing; Inpatient visit (historically higher denial rate),
CCLM-00213,0.8567,1,High,Prior authorization required but not on file; Inpatient visit (historically higher denial rate); Claim is being submitted late (timely-filing risk),
CCLM-00099,0.8559,1,High,Prior authorization required but not on file; Inpatient visit (historically higher denial rate); Claim is being submitted late (timely-filing risk),
CCLM-00163,0.8483,1,High,Prior authorization required but not on file; Referral required but not present; Payer type with an above-average denial rate,
CCLM-00062,0.8472,1,High,Prior authorization required but not on file; Patient eligibility was not verified before the visit; Payer type with an above-average denial rate,
CCLM-00013,0.8437,1,High,Prior authorization required but not on file; Patient eligibility was not verified before the visit; Inpatient visit (historically higher denial rate),
CCLM-00135,0.8275,1,High,Required supporting documentation appears to be missing; Patient eligibility was not verified before the visit; Claim is being submitted late (timely-filing risk),
CCLM-00280,0.8242,1,High,Required supporting documentation appears to be missing; Patient eligibility was not verified before the visit; Inpatient visit (historically higher denial rate),
CCLM-00476,0.8201,1,High,Required supporting documentation appears to be missing; Payer type with an above-average denial rate,
CCLM-00176,0.8201,1,High,Prior authorization required but not on file; Inpatient visit (historically higher denial rate); Payer type with an above-average denial rate,
CCLM-00147,0.82,1,High,Prior authorization required but not on file; Claim is being submitted late (timely-filing risk); Payer type with an above-average denial rate,
CCLM-00279,0.8147,1,High,Required supporting documentation appears to be missing; Inpatient visit (historically higher denial rate); Claim is being submitted late (timely-filing risk),
CCLM-00477,0.8072,1,High,Prior authorization required but not on file; Inpatient visit (historically higher denial rate); Claim is being submitted late (timely-filing risk),
CCLM-00170,0.8063,1,High,Required supporting documentation appears to be missing; Patient eligibility was not verified before the visit; Inpatient visit (historically higher denial rate),
CCLM-00221,0.7957,1,High,Required supporting documentation appears to be missing; Payer type with an above-average denial rate,
CCLM-00134,0.7936,1,High,Prior authorization required but not on file; Required supporting documentation appears to be missing; Referral required but not present,
CCLM-00383,0.7931,1,High,Patient eligibility was not verified before the visit; Referral required but not present; Claim is being submitted late (timely-filing risk),
CCLM-00407,0.7924,1,High,Prior authorization required but not on file; Required supporting documentation appears to be missing; Inpatient visit (historically higher denial rate),
CCLM-00459,0.7811,1,High,Prior authorization required but not on file; Patient eligibility was not verified before the visit; Payer type with an above-average denial rate,
CCLM-00370,0.7777,1,High,Patient eligibility was not verified before the visit; Claim is being submitted late (timely-filing risk); Payer type with an above-average denial rate,
CCLM-00063,0.7708,1,High,Patient eligibility was not verified before the visit; Inpatient visit (historically higher denial rate); Claim is being submitted late (timely-filing risk),
CCLM-00307,0.7608,1,High,Required supporting documentation appears to be missing; Claim is being submitted late (timely-filing risk),
CCLM-00130,0.7568,1,High,Required supporting documentation appears to be missing; Claim is being submitted late (timely-filing risk); Payer type with an above-average denial rate,
CCLM-00203,0.7558,1,High,Required supporting documentation appears to be missing; Claim is being submitted late (timely-filing risk); Payer type with an above-average denial rate,
CCLM-00470,0.7534,1,High,Prior authorization required but not on file; Inpatient visit (historically higher denial rate),
CCLM-00125,0.7449,1,High,Required supporting documentation appears to be missing; Claim is being submitted late (timely-filing risk),
CCLM-00500,0.7388,1,High,Required supporting documentation appears to be missing; Inpatient visit (historically higher denial rate); Claim is being submitted late (timely-filing risk),
CCLM-00386,0.7383,1,High,Required supporting documentation appears to be missing; Inpatient visit (historically higher denial rate); Claim is being submitted late (timely-filing risk),
CCLM-00492,0.7356,1,High,Required supporting documentation appears to be missing; Payer type with an above-average denial rate,
CCLM-00439,0.7333,1,Medium,Required supporting documentation appears to be missing; Referral required but not present; Inpatient visit (historically higher denial rate),
CCLM-00380,0.732,1,Medium,Required supporting documentation appears to be missing; Claim is being submitted late (timely-filing risk); Payer type with an above-average denial rate,
CCLM-00272,0.7315,1,Medium,Patient eligibility was not verified before the visit; Claim is being submitted late (timely-filing risk),
CCLM-00051,0.7305,1,Medium,Prior authorization required but not on file; Required supporting documentation appears to be missing; Provider is out of network for this payer,
CCLM-00116,0.73,1,Medium,Patient eligibility was not verified before the visit; Referral required but not present; Payer type with an above-average denial rate,
CCLM-00179,0.7265,1,Medium,Prior authorization required but not on file; Payer type with an above-average denial rate,
CCLM-00471,0.726,1,Medium,Prior authorization required but not on file; Inpatient visit (historically higher denial rate); Claim is being submitted late (timely-filing risk),
CCLM-00385,0.7224,1,Medium,Required supporting documentation appears to be missing; Inpatient visit (historically higher denial rate); Claim is being submitted late (timely-filing risk),
CCLM-00037,0.7222,1,Medium,Prior authorization required but not on file; Patient eligibility was not verified before the visit; Claim is being submitted late (timely-filing risk),
CCLM-00481,0.7199,1,Medium,Prior authorization required but not on file; Claim is being submitted late (timely-filing risk); Payer type with an above-average denial rate,
CCLM-00165,0.7172,1,Medium,Prior authorization required but not on file; Payer type with an above-average denial rate; Provider is out of network for this payer,
CCLM-00377,0.7152,1,Medium,Prior authorization required but not on file; Inpatient visit (historically higher denial rate); Claim is being submitted late (timely-filing risk),
CCLM-00214,0.7135,1,Medium,Patient eligibility was not verified before the visit; Claim is being submitted late (timely-filing risk); Payer type with an above-average denial rate,
CCLM-00117,0.7097,1,Medium,Patient eligibility was not verified before the visit; Claim is being submitted late (timely-filing risk); Payer type with an above-average denial rate,
CCLM-00174,0.7028,1,Medium,Required supporting documentation appears to be missing; Payer type with an above-average denial rate,
CCLM-00204,0.7001,1,Medium,Required supporting documentation appears to be missing; Referral required but not present,
CCLM-00290,0.7001,1,Medium,Prior authorization required but not on file; Inpatient visit (historically higher denial rate); Payer type with an above-average denial rate,
CCLM-00094,0.6976,1,Medium,Prior authorization required but not on file; Inpatient visit (historically higher denial rate); Claim is being submitted late (timely-filing risk),
CCLM-00068,0.6966,1,Medium,Required supporting documentation appears to be missing; Inpatient visit (historically higher denial rate),
CCLM-00217,0.6949,1,Medium,Prior authorization required but not on file; Claim is being submitted late (timely-filing risk),
CCLM-00019,0.6912,1,Medium,Required supporting documentation appears to be missing; Inpatient visit (historically higher denial rate); Payer type with an above-average denial rate,
CCLM-00295,0.6903,1,Medium,Patient eligibility was not verified before the visit; Payer type with an above-average denial rate,
CCLM-00252,0.6894,1,Medium,Required supporting documentation appears to be missing; Inpatient visit (historically higher denial rate),
CCLM-00085,0.6827,1,Medium,Prior authorization required but not on file; Inpatient visit (historically higher denial rate); Payer type with an above-average denial rate,
CCLM-00224,0.6819,1,Medium,Prior authorization required but not on file; Inpatient visit (historically higher denial rate); Provider is out of network for this payer,
CCLM-00152,0.6768,1,Medium,Required supporting documentation appears to be missing; Inpatient visit (historically higher denial rate); Claim is being submitted late (timely-filing risk),
CCLM-00317,0.6751,1,Medium,Required supporting documentation appears to be missing; Inpatient visit (historically higher denial rate); Provider is out of network for this payer,
CCLM-00042,0.6747,1,Medium,Prior authorization required but not on file; Required supporting documentation appears to be missing,
CCLM-00058,0.6745,1,Medium,Required supporting documentation appears to be missing; Patient eligibility was not verified before the visit; Inpatient visit (historically higher denial rate),
CCLM-00381,0.6745,1,Medium,Required supporting documentation appears to be missing; Inpatient visit (historically higher denial rate); Claim is being submitted late (timely-filing risk),
CCLM-00254,0.673,1,Medium,Required supporting documentation appears to be missing; Inpatient visit (historically higher denial rate); Payer type with an above-average denial rate,
CCLM-00468,0.6728,1,Medium,Required supporting documentation appears to be missing; Payer type with an above-average denial rate,
CCLM-00334,0.6689,1,Medium,Patient eligibility was not verified before the visit; Claim is being submitted late (timely-filing risk),
CCLM-00088,0.6682,1,Medium,Patient eligibility was not verified before the visit; Payer type with an above-average denial rate; Provider is out of network for this payer,
CCLM-00196,0.6667,1,Medium,Inpatient visit (historically higher denial rate); Claim is being submitted late (timely-filing risk); Payer type with an above-average denial rate,
CCLM-00365,0.6653,1,Medium,Required supporting documentation appears to be missing; Inpatient visit (historically higher denial rate); Payer type with an above-average denial rate,
CCLM-00222,0.6625,1,Medium,Patient eligibility was not verified before the visit; Claim is being submitted late (timely-filing risk); Payer type with an above-average denial rate,
CCLM-00388,0.6614,1,Medium,Referral required but not present; Inpatient visit (historically higher denial rate); Payer type with an above-average denial rate,
CCLM-00139,0.6587,1,Medium,Required supporting documentation appears to be missing; Inpatient visit (historically higher denial rate); Payer type with an above-average denial rate,
CCLM-00421,0.651,1,Medium,Inpatient visit (historically higher denial rate); Claim is being submitted late (timely-filing risk); Payer type with an above-average denial rate,
CCLM-00410,0.6459,1,Medium,Patient eligibility was not verified before the visit; Claim is being submitted late (timely-filing risk); Provider is out of network for this payer,
CCLM-00207,0.6459,1,Medium,Referral required but not present; Claim is being submitted late (timely-filing risk); Payer type with an above-average denial rate,
CCLM-00180,0.6444,1,Medium,Required supporting documentation appears to be missing; Payer type with an above-average denial rate,
CCLM-00311,0.6367,1,Medium,Prior authorization required but not on file; Claim is being submitted late (timely-filing risk),
CCLM-00461,0.636,1,Medium,Prior authorization required but not on file; Inpatient visit (historically higher denial rate),
CCLM-00455,0.6339,1,Medium,Referral required but not present; Claim is being submitted late (timely-filing risk); Payer type with an above-average denial rate,
CCLM-00310,0.6326,1,Medium,Patient eligibility was not verified before the visit; Inpatient visit (historically higher denial rate); Payer type with an above-average denial rate,
CCLM-00032,0.6323,1,Medium,Required supporting documentation appears to be missing,
CCLM-00158,0.6318,1,Medium,Required supporting documentation appears to be missing; Inpatient visit (historically higher denial rate); Claim is being submitted late (timely-filing risk),
CCLM-00432,0.6299,1,Medium,Prior authorization required but not on file; Required supporting documentation appears to be missing,
CCLM-00011,0.6292,1,Medium,Patient eligibility was not verified before the visit; Inpatient visit (historically higher denial rate); Payer type with an above-average denial rate,
CCLM-00392,0.6291,1,Medium,Referral required but not present; Inpatient visit (historically higher denial rate); Payer type with an above-average denial rate,
CCLM-00231,0.6272,1,Medium,Patient eligibility was not verified before the visit; Payer type with an above-average denial rate; Provider is out of network for this payer,
CCLM-00299,0.6267,1,Medium,Required supporting documentation appears to be missing; Payer type with an above-average denial rate,
CCLM-00137,0.6263,1,Medium,Patient eligibility was not verified before the visit; Payer type with an above-average denial rate,
CCLM-00104,0.6251,1,Medium,Prior authorization required but not on file; Claim is being submitted late (timely-filing risk),
CCLM-00044,0.6207,1,Medium,Patient eligibility was not verified before the visit; Payer type with an above-average denial rate; Provider is out of network for this payer,
CCLM-00209,0.6196,1,Medium,Patient eligibility was not verified before the visit; Payer type with an above-average denial rate,
CCLM-00039,0.6193,1,Medium,Required supporting documentation appears to be missing,
CCLM-00263,0.6176,1,Medium,Prior authorization required but not on file; Claim is being submitted late (timely-filing risk),
CCLM-00166,0.6163,1,Medium,Required supporting documentation appears to be missing,
CCLM-00108,0.6156,1,Medium,Required supporting documentation appears to be missing; Payer type with an above-average denial rate,
CCLM-00341,0.6142,1,Medium,Referral required but not present; Claim is being submitted late (timely-filing risk); Payer type with an above-average denial rate,
CCLM-00006,0.6135,1,Medium,Required supporting documentation appears to be missing; Provider is out of network for this payer,
CCLM-00077,0.6125,1,Medium,Referral required but not present; Inpatient visit (historically higher denial rate); Payer type with an above-average denial rate,
CCLM-00345,0.6117,1,Medium,Patient eligibility was not verified before the visit; Inpatient visit (historically higher denial rate),
CCLM-00189,0.6108,1,Medium,Patient eligibility was not verified before the visit; Inpatient visit (historically higher denial rate); Payer type with an above-average denial rate,
CCLM-00305,0.6102,1,Medium,Inpatient visit (historically higher denial rate); Claim is being submitted late (timely-filing risk); Payer type with an above-average denial rate,
CCLM-00288,0.6083,1,Medium,Patient eligibility was not verified before the visit; Payer type with an above-average denial rate; Provider is out of network for this payer,
CCLM-00338,0.608,1,Medium,Patient eligibility was not verified before the visit; Payer type with an above-average denial rate,
CCLM-00269,0.6079,1,Medium,Referral required but not present; Payer type with an above-average denial rate,
CCLM-00248,0.6036,1,Medium,Required supporting documentation appears to be missing; Inpatient visit (historically higher denial rate),
CCLM-00294,0.6032,1,Medium,Prior authorization required but not on file; Payer type with an above-average denial rate,
CCLM-00447,0.6012,1,Medium,Claim is being submitted late (timely-filing risk); Payer type with an above-average denial rate,
CCLM-00324,0.6007,1,Medium,Prior authorization required but not on file; Inpatient visit (historically higher denial rate),
CCLM-00098,0.5999,1,Medium,Patient eligibility was not verified before the visit; Inpatient visit (historically higher denial rate); Payer type with an above-average denial rate,
CCLM-00390,0.5982,1,Medium,Inpatient visit (historically higher denial rate); Claim is being submitted late (timely-filing risk),
CCLM-00003,0.5975,1,Medium,Patient eligibility was not verified before the visit; Payer type with an above-average denial rate,
CCLM-00308,0.5899,0,Low,Required supporting documentation appears to be missing; Payer type with an above-average denial rate,
CCLM-00182,0.5897,0,Low,Required supporting documentation appears to be missing; Payer type with an above-average denial rate,
CCLM-00463,0.5885,0,Low,Claim is being submitted late (timely-filing risk); Payer type with an above-average denial rate,
CCLM-00491,0.5874,0,Low,Required supporting documentation appears to be missing,
CCLM-00168,0.5865,0,Low,Referral required but not present; Inpatient visit (historically higher denial rate); Payer type with an above-average denial rate,
CCLM-00328,0.5836,0,Low,Referral required but not present; Inpatient visit (historically higher denial rate); Payer type with an above-average denial rate,
CCLM-00475,0.5832,0,Low,Patient eligibility was not verified before the visit; Claim is being submitted late (timely-filing risk),
CCLM-00255,0.5805,0,Low,Prior authorization required but not on file,
CCLM-00017,0.5798,0,Low,Required supporting documentation appears to be missing,
CCLM-00253,0.5791,0,Low,Patient eligibility was not verified before the visit; Claim is being submitted late (timely-filing risk); Payer type with an above-average denial rate,
CCLM-00443,0.5789,0,Low,Claim is being submitted late (timely-filing risk); Payer type with an above-average denial rate; Provider is out of network for this payer,
CCLM-00326,0.5785,0,Low,Claim is being submitted late (timely-filing risk); Payer type with an above-average denial rate,
CCLM-00240,0.575,0,Low,Required supporting documentation appears to be missing; Inpatient visit (historically higher denial rate),
CCLM-00046,0.5742,0,Low,Required supporting documentation appears to be missing; Inpatient visit (historically higher denial rate),
CCLM-00202,0.5736,0,Low,Required supporting documentation appears to be missing; Inpatient visit (historically higher denial rate),
CCLM-00187,0.5734,0,Low,Required supporting documentation appears to be missing,
CCLM-00296,0.5688,0,Low,Patient eligibility was not verified before the visit,
CCLM-00157,0.5683,0,Low,Patient eligibility was not verified before the visit,
CCLM-00360,0.5678,0,Low,Payer type with an above-average denial rate,
CCLM-00384,0.5662,0,Low,Required supporting documentation appears to be missing,
CCLM-00103,0.566,0,Low,Prior authorization required but not on file,
CCLM-00239,0.5629,0,Low,Prior authorization required but not on file; Payer type with an above-average denial rate,
CCLM-00053,0.56,0,Low,Required supporting documentation appears to be missing,
CCLM-00247,0.5572,0,Low,Inpatient visit (historically higher denial rate); Payer type with an above-average denial rate; Provider is out of network for this payer,
CCLM-00055,0.5569,0,Low,Prior authorization required but not on file; Payer type with an above-average denial rate,
CCLM-00378,0.5564,0,Low,Claim is being submitted late (timely-filing risk); Payer type with an above-average denial rate; Provider is out of network for this payer,
CCLM-00473,0.5551,0,Low,Required supporting documentation appears to be missing; Claim is being submitted late (timely-filing risk),
CCLM-00190,0.5529,0,Low,Patient eligibility was not verified before the visit; Payer type with an above-average denial rate; Provider is out of network for this payer,
CCLM-00054,0.5483,0,Low,Required supporting documentation appears to be missing; Inpatient visit (historically higher denial rate),
CCLM-00270,0.5481,0,Low,Claim is being submitted late (timely-filing risk); Payer type with an above-average denial rate,
CCLM-00422,0.5463,0,Low,Claim is being submitted late (timely-filing risk); Payer type with an above-average denial rate; Provider is out of network for this payer,
CCLM-00268,0.5443,0,Low,Claim is being submitted late (timely-filing risk); Payer type with an above-average denial rate; Provider is out of network for this payer,
CCLM-00397,0.5435,0,Low,Payer type with an above-average denial rate; Provider is out of network for this payer,
CCLM-00405,0.5429,0,Low,Required supporting documentation appears to be missing,
CCLM-00401,0.5427,0,Low,Required supporting documentation appears to be missing; Payer type with an above-average denial rate,
CCLM-00143,0.5415,0,Low,Prior authorization required but not on file,
CCLM-00321,0.5357,0,Low,Required supporting documentation appears to be missing; Claim is being submitted late (timely-filing risk),
CCLM-00333,0.5344,0,Low,Claim is being submitted late (timely-filing risk); Payer type with an above-average denial rate; Provider is out of network for this payer,
CCLM-00004,0.5339,0,Low,Inpatient visit (historically higher denial rate); Provider is out of network for this payer,
CCLM-00124,0.5333,0,Low,Claim is being submitted late (timely-filing risk); Payer type with an above-average denial rate,
CCLM-00364,0.5328,0,Low,Required supporting documentation appears to be missing; Inpatient visit (historically higher denial rate); Payer type with an above-average denial rate,
CCLM-00418,0.5323,0,Low,Claim is being submitted late (timely-filing risk); Payer type with an above-average denial rate,
CCLM-00376,0.5318,0,Low,Claim is being submitted late (timely-filing risk); Payer type with an above-average denial rate,
CCLM-00402,0.5315,0,Low,Prior authorization required but not on file; Inpatient visit (historically higher denial rate); Claim is being submitted late (timely-filing risk),
CCLM-00478,0.5276,0,Low,Payer type with an above-average denial rate; Provider is out of network for this payer,
CCLM-00102,0.5268,0,Low,Claim is being submitted late (timely-filing risk); Payer type with an above-average denial rate,
CCLM-00413,0.5263,0,Low,Patient eligibility was not verified before the visit,
CCLM-00304,0.526,0,Low,Patient eligibility was not verified before the visit; Payer type with an above-average denial rate,
CCLM-00230,0.5222,0,Low,Claim is being submitted late (timely-filing risk); Payer type with an above-average denial rate,
CCLM-00337,0.5205,0,Low,Required supporting documentation appears to be missing; Inpatient visit (historically higher denial rate); Claim is being submitted late (timely-filing risk),
CCLM-00494,0.5204,0,Low,Inpatient visit (historically higher denial rate); Payer type with an above-average denial rate,
CCLM-00257,0.5192,0,Low,Payer type with an above-average denial rate,
CCLM-00025,0.5173,0,Low,Referral required but not present,
CCLM-00474,0.5172,0,Low,Inpatient visit (historically higher denial rate); Payer type with an above-average denial rate,
CCLM-00431,0.5169,0,Low,Required supporting documentation appears to be missing; Payer type with an above-average denial rate,
CCLM-00005,0.5151,0,Low,Claim is being submitted late (timely-filing risk); Payer type with an above-average denial rate,
CCLM-00382,0.5111,0,Low,Referral required but not present; Payer type with an above-average denial rate,
CCLM-00040,0.5111,0,Low,Inpatient visit (historically higher denial rate); Provider is out of network for this payer,
CCLM-00101,0.511,0,Low,Claim is being submitted late (timely-filing risk); Payer type with an above-average denial rate,
CCLM-00173,0.5071,0,Low,Claim is being submitted late (timely-filing risk); Payer type with an above-average denial rate,
CCLM-00206,0.507,0,Low,Inpatient visit (historically higher denial rate); Payer type with an above-average denial rate,
CCLM-00404,0.5047,0,Low,Payer type with an above-average denial rate; Provider is out of network for this payer,
CCLM-00423,0.5042,0,Low,Claim is being submitted late (timely-filing risk),
CCLM-00435,0.5033,0,Low,Payer type with an above-average denial rate; Provider is out of network for this payer,
CCLM-00199,0.5032,0,Low,Patient eligibility was not verified before the visit,
CCLM-00191,0.5029,0,Low,Inpatient visit (historically higher denial rate); Payer type with an above-average denial rate,
CCLM-00314,0.5026,0,Low,Referral required but not present; Inpatient visit (historically higher denial rate),
CCLM-00313,0.5008,0,Low,Inpatient visit (historically higher denial rate); Claim is being submitted late (timely-filing risk),
CCLM-00195,0.4992,0,Low,Payer type with an above-average denial rate,
CCLM-00115,0.4972,0,Low,Required supporting documentation appears to be missing; Claim is being submitted late (timely-filing risk),
CCLM-00151,0.4969,0,Low,Patient eligibility was not verified before the visit; Payer type with an above-average denial rate,
CCLM-00014,0.4952,0,Low,Referral required but not present; Payer type with an above-average denial rate,
CCLM-00012,0.494,0,Low,Claim is being submitted late (timely-filing risk); Payer type with an above-average denial rate,
CCLM-00128,0.4928,0,Low,Claim is being submitted late (timely-filing risk); Payer type with an above-average denial rate; Provider is out of network for this payer,
CCLM-00282,0.4928,0,Low,Referral required but not present; Payer type with an above-average denial rate,
CCLM-00212,0.4894,0,Low,Referral required but not present; Inpatient visit (historically higher denial rate); Payer type with an above-average denial rate,
CCLM-00092,0.487,0,Low,Inpatient visit (historically higher denial rate),
CCLM-00319,0.4843,0,Low,Inpatient visit (historically higher denial rate); Claim is being submitted late (timely-filing risk); Payer type with an above-average denial rate,
CCLM-00120,0.4831,0,Low,Claim is being submitted late (timely-filing risk); Payer type with an above-average denial rate,
CCLM-00467,0.4827,0,Low,Inpatient visit (historically higher denial rate); Payer type with an above-average denial rate,
CCLM-00050,0.4802,0,Low,Patient eligibility was not verified before the visit,
CCLM-00194,0.4798,0,Low,Payer type with an above-average denial rate,
CCLM-00145,0.4793,0,Low,Patient eligibility was not verified before the visit; Inpatient visit (historically higher denial rate),
CCLM-00271,0.4762,0,Low,Claim is being submitted late (timely-filing risk); Payer type with an above-average denial rate,
CCLM-00154,0.4753,0,Low,Prior authorization required but not on file,
CCLM-00450,0.4742,0,Low,Referral required but not present; Payer type with an above-average denial rate,
CCLM-00235,0.4741,0,Low,Claim is being submitted late (timely-filing risk); Payer type with an above-average denial rate; Provider is out of network for this payer,
CCLM-00318,0.473,0,Low,Prior authorization required but not on file; Inpatient visit (historically higher denial rate),
CCLM-00262,0.472,0,Low,Inpatient visit (historically higher denial rate); Payer type with an above-average denial rate,
CCLM-00009,0.4709,0,Low,Payer type with an above-average denial rate,
CCLM-00114,0.4701,0,Low,Inpatient visit (historically higher denial rate),
CCLM-00495,0.4684,0,Low,Payer type with an above-average denial rate,
CCLM-00441,0.4682,0,Low,Patient eligibility was not verified before the visit; Payer type with an above-average denial rate,
CCLM-00215,0.4679,0,Low,Payer type with an above-average denial rate; Provider is out of network for this payer,
CCLM-00488,0.4666,0,Low,Payer type with an above-average denial rate,
CCLM-00126,0.4643,0,Low,Required supporting documentation appears to be missing; Claim is being submitted late (timely-filing risk),
CCLM-00184,0.462,0,Low,Inpatient visit (historically higher denial rate); Payer type with an above-average denial rate,
CCLM-00275,0.457,0,Low,Inpatient visit (historically higher denial rate); Payer type with an above-average denial rate,
CCLM-00089,0.4568,0,Low,Inpatient visit (historically higher denial rate); Payer type with an above-average denial rate; Provider is out of network for this payer,
CCLM-00178,0.4546,0,Low,Payer type with an above-average denial rate,
CCLM-00018,0.4532,0,Low,Payer type with an above-average denial rate; Provider is out of network for this payer,
CCLM-00144,0.4531,0,Low,Inpatient visit (historically higher denial rate); Payer type with an above-average denial rate; Provider is out of network for this payer,
CCLM-00354,0.4511,0,Low,Claim is being submitted late (timely-filing risk); Payer type with an above-average denial rate,
CCLM-00498,0.4479,0,Low,Payer type with an above-average denial rate,
CCLM-00081,0.4465,0,Low,Claim is being submitted late (timely-filing risk); Payer type with an above-average denial rate,
CCLM-00156,0.4463,0,Low,Referral required but not present; Payer type with an above-average denial rate; Provider is out of network for this payer,
CCLM-00287,0.445,0,Low,Required supporting documentation appears to be missing; Provider is out of network for this payer,
CCLM-00061,0.4441,0,Low,Claim is being submitted late (timely-filing risk); Provider is out of network for this payer,
CCLM-00162,0.4409,0,Low,Claim is being submitted late (timely-filing risk); Provider is out of network for this payer,
CCLM-00373,0.4403,0,Low,Inpatient visit (historically higher denial rate); Claim is being submitted late (timely-filing risk),
CCLM-00121,0.4391,0,Low,Payer type with an above-average denial rate,
CCLM-00251,0.4381,0,Low,No major risk flags,
CCLM-00171,0.4376,0,Low,Required supporting documentation appears to be missing,
CCLM-00393,0.4371,0,Low,Required supporting documentation appears to be missing,
CCLM-00192,0.4368,0,Low,Inpatient visit (historically higher denial rate); Payer type with an above-average denial rate,
CCLM-00339,0.4339,0,Low,Payer type with an above-average denial rate,
CCLM-00375,0.4337,0,Low,Payer type with an above-average denial rate,
CCLM-00436,0.4329,0,Low,Inpatient visit (historically higher denial rate); Payer type with an above-average denial rate,
CCLM-00464,0.4328,0,Low,Claim is being submitted late (timely-filing risk),
CCLM-00148,0.4308,0,Low,Patient eligibility was not verified before the visit; Inpatient visit (historically higher denial rate),
CCLM-00234,0.4305,0,Low,Prior authorization required but not on file,
CCLM-00073,0.4297,0,Low,Payer type with an above-average denial rate,
CCLM-00331,0.4294,0,Low,Patient eligibility was not verified before the visit; Payer type with an above-average denial rate,
CCLM-00080,0.4291,0,Low,Claim is being submitted late (timely-filing risk),
CCLM-00312,0.4287,0,Low,Required supporting documentation appears to be missing,
CCLM-00015,0.4285,0,Low,Inpatient visit (historically higher denial rate),
CCLM-00233,0.428,0,Low,Referral required but not present; Payer type with an above-average denial rate,
CCLM-00359,0.4274,0,Low,Inpatient visit (historically higher denial rate),
CCLM-00048,0.4273,0,Low,Inpatient visit (historically higher denial rate),
CCLM-00408,0.427,0,Low,Payer type with an above-average denial rate,
CCLM-00466,0.424,0,Low,Payer type with an above-average denial rate,
CCLM-00379,0.4224,0,Low,Payer type with an above-average denial rate,
CCLM-00076,0.4224,0,Low,Payer type with an above-average denial rate,
CCLM-00472,0.4223,0,Low,Inpatient visit (historically higher denial rate),
CCLM-00159,0.4183,0,Low,Inpatient visit (historically higher denial rate),
CCLM-00452,0.4179,0,Low,Payer type with an above-average denial rate; Provider is out of network for this payer,
CCLM-00052,0.4159,0,Low,Required supporting documentation appears to be missing,
CCLM-00315,0.4151,0,Low,Inpatient visit (historically higher denial rate); Payer type with an above-average denial rate,
CCLM-00277,0.4145,0,Low,Referral required but not present; Inpatient visit (historically higher denial rate); Provider is out of network for this payer,
CCLM-00031,0.4137,0,Low,Inpatient visit (historically higher denial rate),
CCLM-00369,0.4137,0,Low,Payer type with an above-average denial rate,
CCLM-00149,0.4135,0,Low,Inpatient visit (historically higher denial rate); Payer type with an above-average denial rate,
CCLM-00200,0.4134,0,Low,Inpatient visit (historically higher denial rate); Claim is being submitted late (timely-filing risk),
CCLM-00278,0.4117,0,Low,Payer type with an above-average denial rate,
CCLM-00142,0.4106,0,Low,Prior authorization required but not on file,
CCLM-00122,0.4102,0,Low,Claim is being submitted late (timely-filing risk); Payer type with an above-average denial rate,
CCLM-00424,0.4089,0,Low,Claim is being submitted late (timely-filing risk); Payer type with an above-average denial rate,
CCLM-00449,0.4089,0,Low,Payer type with an above-average denial rate; Provider is out of network for this payer,
CCLM-00067,0.407,0,Low,Payer type with an above-average denial rate,
CCLM-00020,0.4064,0,Low,Patient eligibility was not verified before the visit; Inpatient visit (historically higher denial rate),
CCLM-00430,0.4061,0,Low,Patient eligibility was not verified before the visit,
CCLM-00291,0.4053,0,Low,Payer type with an above-average denial rate,
CCLM-00437,0.4031,0,Low,Payer type with an above-average denial rate,
CCLM-00444,0.4006,0,Low,Provider is out of network for this payer,
CCLM-00496,0.3992,0,Low,Claim is being submitted late (timely-filing risk); Payer type with an above-average denial rate,
CCLM-00118,0.3961,0,Low,Payer type with an above-average denial rate,
CCLM-00460,0.3957,0,Low,Provider is out of network for this payer,
CCLM-00316,0.395,0,Low,No major risk flags,
CCLM-00487,0.3924,0,Low,Claim is being submitted late (timely-filing risk),
CCLM-00325,0.3917,0,Low,Payer type with an above-average denial rate,
CCLM-00484,0.3911,0,Low,Payer type with an above-average denial rate,
CCLM-00320,0.3899,0,Low,Payer type with an above-average denial rate,
CCLM-00394,0.3899,0,Low,Payer type with an above-average denial rate; Provider is out of network for this payer,
CCLM-00113,0.3887,0,Low,Payer type with an above-average denial rate,
CCLM-00036,0.3875,0,Low,Claim is being submitted late (timely-filing risk),
CCLM-00440,0.3874,0,Low,Inpatient visit (historically higher denial rate),
CCLM-00110,0.3863,0,Low,Payer type with an above-average denial rate,
CCLM-00045,0.3846,0,Low,Payer type with an above-average denial rate,
CCLM-00371,0.3835,0,Low,Prior authorization required but not on file,
CCLM-00343,0.3831,0,Low,Claim is being submitted late (timely-filing risk),
CCLM-00448,0.3824,0,Low,Prior authorization required but not on file,
CCLM-00438,0.3814,0,Low,Inpatient visit (historically higher denial rate),
CCLM-00355,0.3806,0,Low,Inpatient visit (historically higher denial rate); Claim is being submitted late (timely-filing risk),
CCLM-00216,0.3801,0,Low,Patient eligibility was not verified before the visit,
CCLM-00411,0.3796,0,Low,Inpatient visit (historically higher denial rate),
CCLM-00070,0.3795,0,Low,Claim is being submitted late (timely-filing risk),
CCLM-00150,0.3791,0,Low,Payer type with an above-average denial rate,
CCLM-00349,0.3762,0,Low,Inpatient visit (historically higher denial rate); Payer type with an above-average denial rate,
CCLM-00065,0.3757,0,Low,Claim is being submitted late (timely-filing risk); Provider is out of network for this payer,
CCLM-00181,0.3757,0,Low,Claim is being submitted late (timely-filing risk),
CCLM-00141,0.3734,0,Low,Payer type with an above-average denial rate,
CCLM-00060,0.3725,0,Low,Payer type with an above-average denial rate,
CCLM-00229,0.3673,0,Low,No major risk flags,
CCLM-00183,0.367,0,Low,Payer type with an above-average denial rate,
CCLM-00412,0.365,0,Low,Patient eligibility was not verified before the visit; Claim is being submitted late (timely-filing risk),
CCLM-00281,0.3643,0,Low,No major risk flags,
CCLM-00091,0.3638,0,Low,Claim is being submitted late (timely-filing risk),
CCLM-00074,0.3629,0,Low,No major risk flags,
CCLM-00457,0.3628,0,Low,No major risk flags,
CCLM-00097,0.3625,0,Low,Provider is out of network for this payer,
CCLM-00086,0.3622,0,Low,No major risk flags,
CCLM-00286,0.3614,0,Low,Referral required but not present,
CCLM-00245,0.3563,0,Low,No major risk flags,
CCLM-00302,0.3529,0,Low,Claim is being submitted late (timely-filing risk),
CCLM-00140,0.3525,0,Low,Payer type with an above-average denial rate; Provider is out of network for this payer,
CCLM-00350,0.3518,0,Low,No major risk flags,
CCLM-00075,0.3513,0,Low,Payer type with an above-average denial rate,
CCLM-00109,0.3478,0,Low,Payer type with an above-average denial rate,
CCLM-00220,0.3474,0,Low,Referral required but not present,
CCLM-00129,0.346,0,Low,No major risk flags,
CCLM-00451,0.346,0,Low,No major risk flags,
CCLM-00398,0.3455,0,Low,Payer type with an above-average denial rate,
CCLM-00362,0.3444,0,Low,Inpatient visit (historically higher denial rate),
CCLM-00249,0.3437,0,Low,No major risk flags,
CCLM-00486,0.3423,0,Low,Payer type with an above-average denial rate,
CCLM-00489,0.34,0,Low,Payer type with an above-average denial rate,
CCLM-00219,0.3394,0,Low,Patient eligibility was not verified before the visit,
CCLM-00453,0.337,0,Low,Claim is being submitted late (timely-filing risk),
CCLM-00428,0.3357,0,Low,No major risk flags,
CCLM-00164,0.335,0,Low,Payer type with an above-average denial rate,
CCLM-00298,0.335,0,Low,No major risk flags,
CCLM-00066,0.3349,0,Low,Payer type with an above-average denial rate,
CCLM-00306,0.3303,0,Low,Claim is being submitted late (timely-filing risk),
CCLM-00008,0.33,0,Low,No major risk flags,
CCLM-00106,0.33,0,Low,Payer type with an above-average denial rate,
CCLM-00227,0.3295,0,Low,No major risk flags,
CCLM-00490,0.3286,0,Low,Referral required but not present; Provider is out of network for this payer,
CCLM-00479,0.3285,0,Low,No major risk flags,
CCLM-00332,0.3283,0,Low,Payer type with an above-average denial rate,
CCLM-00030,0.3278,0,Low,Payer type with an above-average denial rate,
CCLM-00112,0.3269,0,Low,No major risk flags,
CCLM-00079,0.3255,0,Low,Payer type with an above-average denial rate,
CCLM-00172,0.3241,0,Low,Inpatient visit (historically higher denial rate); Provider is out of network for this payer,
CCLM-00243,0.3238,0,Low,No major risk flags,
CCLM-00007,0.3233,0,Low,Patient eligibility was not verified before the visit,
CCLM-00429,0.3221,0,Low,Payer type with an above-average denial rate,
CCLM-00002,0.3187,0,Low,Claim is being submitted late (timely-filing risk),
CCLM-00218,0.3179,0,Low,Claim is being submitted late (timely-filing risk); Provider is out of network for this payer,
CCLM-00169,0.3169,0,Low,Payer type with an above-average denial rate,
CCLM-00210,0.3168,0,Low,No major risk flags,
CCLM-00374,0.3167,0,Low,Payer type with an above-average denial rate,
CCLM-00469,0.3145,0,Low,Payer type with an above-average denial rate; Provider is out of network for this payer,
CCLM-00071,0.3129,0,Low,Payer type with an above-average denial rate,
CCLM-00396,0.3123,0,Low,Claim is being submitted late (timely-filing risk),
CCLM-00127,0.3117,0,Low,Claim is being submitted late (timely-filing risk),
CCLM-00246,0.3115,0,Low,Claim is being submitted late (timely-filing risk),
CCLM-00391,0.311,0,Low,No major risk flags,
CCLM-00038,0.3098,0,Low,Payer type with an above-average denial rate,
CCLM-00367,0.3095,0,Low,Payer type with an above-average denial rate,
CCLM-00256,0.3094,0,Low,No major risk flags,
CCLM-00261,0.3066,0,Low,Provider is out of network for this payer,
CCLM-00395,0.3064,0,Low,Inpatient visit (historically higher denial rate),
CCLM-00283,0.3064,0,Low,No major risk flags,
CCLM-00161,0.3053,0,Low,No major risk flags,
CCLM-00188,0.3044,0,Low,Inpatient visit (historically higher denial rate); Payer type with an above-average denial rate,
CCLM-00238,0.3038,0,Low,Claim is being submitted late (timely-filing risk),
CCLM-00420,0.3021,0,Low,No major risk flags,
CCLM-00016,0.3003,0,Low,No major risk flags,
CCLM-00057,0.3001,0,Low,Payer type with an above-average denial rate,
CCLM-00024,0.3001,0,Low,Inpatient visit (historically higher denial rate),
CCLM-00348,0.2982,0,Low,Referral required but not present,
CCLM-00387,0.2977,0,Low,Referral required but not present,
CCLM-00351,0.2976,0,Low,No major risk flags,
CCLM-00160,0.2951,0,Low,No major risk flags,
CCLM-00260,0.2943,0,Low,Payer type with an above-average denial rate,
CCLM-00035,0.2932,0,Low,No major risk flags,
CCLM-00069,0.2922,0,Low,No major risk flags,
CCLM-00043,0.2899,0,Low,Payer type with an above-average denial rate,
CCLM-00132,0.2898,0,Low,Inpatient visit (historically higher denial rate),
CCLM-00095,0.2869,0,Low,Payer type with an above-average denial rate,
CCLM-00346,0.2858,0,Low,Provider is out of network for this payer,
CCLM-00409,0.2857,0,Low,Patient eligibility was not verified before the visit,
CCLM-00309,0.2834,0,Low,No major risk flags,
CCLM-00047,0.2829,0,Low,No major risk flags,
CCLM-00131,0.2818,0,Low,No major risk flags,
CCLM-00201,0.2815,0,Low,No major risk flags,
CCLM-00340,0.2797,0,Low,Inpatient visit (historically higher denial rate),
CCLM-00072,0.2797,0,Low,No major risk flags,
CCLM-00417,0.2777,0,Low,Claim is being submitted late (timely-filing risk),
CCLM-00236,0.2759,0,Low,No major risk flags,
CCLM-00021,0.2751,0,Low,No major risk flags,
CCLM-00497,0.2713,0,Low,Patient eligibility was not verified before the visit; Provider is out of network for this payer,
CCLM-00301,0.2705,0,Low,Inpatient visit (historically higher denial rate),
CCLM-00330,0.2693,0,Low,No major risk flags,
CCLM-00465,0.2678,0,Low,No major risk flags,
CCLM-00406,0.2669,0,Low,Claim is being submitted late (timely-filing risk),
CCLM-00342,0.2662,0,Low,Inpatient visit (historically higher denial rate),
CCLM-00434,0.2658,0,Low,No major risk flags,
CCLM-00198,0.2655,0,Low,Claim is being submitted late (timely-filing risk),
CCLM-00483,0.2645,0,Low,No major risk flags,
CCLM-00480,0.264,0,Low,No major risk flags,
CCLM-00223,0.2636,0,Low,Payer type with an above-average denial rate,
CCLM-00193,0.2634,0,Low,Inpatient visit (historically higher denial rate),
CCLM-00493,0.2633,0,Low,No major risk flags,
CCLM-00297,0.2633,0,Low,No major risk flags,
CCLM-00389,0.2632,0,Low,No major risk flags,
CCLM-00276,0.2626,0,Low,Provider is out of network for this payer,
CCLM-00133,0.2608,0,Low,Provider is out of network for this payer,
CCLM-00292,0.2595,0,Low,Inpatient visit (historically higher denial rate),
CCLM-00353,0.2577,0,Low,Claim is being submitted late (timely-filing risk); Provider is out of network for this payer,
CCLM-00083,0.2558,0,Low,No major risk flags,
CCLM-00433,0.2536,0,Low,Claim is being submitted late (timely-filing risk),
CCLM-00033,0.2531,0,Low,Inpatient visit (historically higher denial rate),
CCLM-00059,0.2531,0,Low,No major risk flags,
CCLM-00265,0.2528,0,Low,Provider is out of network for this payer,
CCLM-00357,0.2526,0,Low,Claim is being submitted late (timely-filing risk); Provider is out of network for this payer,
CCLM-00167,0.2508,0,Low,No major risk flags,
CCLM-00300,0.2504,0,Low,No major risk flags,
CCLM-00107,0.2495,0,Low,Patient eligibility was not verified before the visit,
CCLM-00228,0.2485,0,Low,Inpatient visit (historically higher denial rate); Provider is out of network for this payer,
CCLM-00414,0.2481,0,Low,No major risk flags,
CCLM-00064,0.2473,0,Low,Payer type with an above-average denial rate,
CCLM-00499,0.2465,0,Low,No major risk flags,
CCLM-00027,0.2461,0,Low,Payer type with an above-average denial rate,
CCLM-00226,0.2454,0,Low,No major risk flags,
CCLM-00001,0.2448,0,Low,Provider is out of network for this payer,
CCLM-00105,0.24,0,Low,Claim is being submitted late (timely-filing risk),
CCLM-00361,0.237,0,Low,Claim is being submitted late (timely-filing risk),
CCLM-00111,0.2363,0,Low,No major risk flags,
CCLM-00454,0.2358,0,Low,No major risk flags,
CCLM-00056,0.2358,0,Low,Claim is being submitted late (timely-filing risk),
CCLM-00456,0.2346,0,Low,No major risk flags,
CCLM-00426,0.2334,0,Low,No major risk flags,
CCLM-00274,0.2333,0,Low,Inpatient visit (historically higher denial rate),
CCLM-00241,0.2295,0,Low,Claim is being submitted late (timely-filing risk),
CCLM-00323,0.2292,0,Low,No major risk flags,
CCLM-00041,0.2287,0,Low,No major risk flags,
CCLM-00347,0.2285,0,Low,Provider is out of network for this payer,
CCLM-00400,0.2281,0,Low,No major risk flags,
CCLM-00366,0.2254,0,Low,Patient eligibility was not verified before the visit,
CCLM-00336,0.2234,0,Low,No major risk flags,
CCLM-00211,0.2231,0,Low,No major risk flags,
CCLM-00335,0.2198,0,Low,Provider is out of network for this payer,
CCLM-00264,0.2189,0,Low,No major risk flags,
CCLM-00258,0.2179,0,Low,Inpatient visit (historically higher denial rate),
CCLM-00266,0.2158,0,Low,Claim is being submitted late (timely-filing risk),
CCLM-00146,0.2144,0,Low,No major risk flags,
CCLM-00034,0.2141,0,Low,Inpatient visit (historically higher denial rate),
CCLM-00293,0.214,0,Low,Payer type with an above-average denial rate,
CCLM-00363,0.2131,0,Low,No major risk flags,
CCLM-00425,0.213,0,Low,No major risk flags,
CCLM-00356,0.2127,0,Low,No major risk flags,
CCLM-00100,0.208,0,Low,No major risk flags,
CCLM-00175,0.206,0,Low,Inpatient visit (historically higher denial rate); Provider is out of network for this payer,
CCLM-00237,0.2058,0,Low,Inpatient visit (historically higher denial rate),
CCLM-00197,0.2055,0,Low,No major risk flags,
CCLM-00078,0.2029,0,Low,No major risk flags,
CCLM-00368,0.2029,0,Low,Claim is being submitted late (timely-filing risk),
CCLM-00462,0.2006,0,Low,No major risk flags,
CCLM-00485,0.1997,0,Low,No major risk flags,
CCLM-00289,0.197,0,Low,No major risk flags,
CCLM-00138,0.1953,0,Low,Claim is being submitted late (timely-filing risk),
CCLM-00186,0.194,0,Low,No major risk flags,
CCLM-00399,0.1939,0,Low,Provider is out of network for this payer,
CCLM-00267,0.193,0,Low,No major risk flags,
CCLM-00093,0.1923,0,Low,Inpatient visit (historically higher denial rate),
CCLM-00322,0.1921,0,Low,No major risk flags,
CCLM-00084,0.1917,0,Low,No major risk flags,
CCLM-00205,0.1904,0,Low,No major risk flags,
CCLM-00244,0.1879,0,Low,Inpatient visit (historically higher denial rate),
CCLM-00155,0.1871,0,Low,No major risk flags,
CCLM-00119,0.1854,0,Low,No major risk flags,
CCLM-00123,0.1841,0,Low,No major risk flags,
CCLM-00029,0.1835,0,Low,Provider is out of network for this payer,
CCLM-00090,0.1792,0,Low,No major risk flags,
CCLM-00096,0.1766,0,Low,Inpatient visit (historically higher denial rate),
CCLM-00232,0.1758,0,Low,No major risk flags,
CCLM-00427,0.1754,0,Low,No major risk flags,
CCLM-00327,0.1709,0,Low,No major risk flags,
CCLM-00284,0.1686,0,Low,No major risk flags,
CCLM-00026,0.1651,0,Low,No major risk flags,
CCLM-00225,0.1643,0,Low,No major risk flags,
CCLM-00242,0.1617,0,Low,No major risk flags,
CCLM-00329,0.1606,0,Low,No major risk flags,
CCLM-00303,0.1575,0,Low,No major risk flags,
CCLM-00482,0.1563,0,Low,No major risk flags,
CCLM-00273,0.1549,0,Low,No major risk flags,
CCLM-00358,0.1508,0,Low,No major risk flags,
CCLM-00010,0.1487,0,Low,No major risk flags,
CCLM-00415,0.148,0,Low,No major risk flags,
CCLM-00403,0.1476,0,Low,No major risk flags,
CCLM-00419,0.1394,0,Low,No major risk flags,
CCLM-00445,0.1339,0,Low,No major risk flags,
CCLM-00022,0.1323,0,Low,No major risk flags,
CCLM-00458,0.1286,0,Low,Provider is out of network for this payer,
CCLM-00208,0.1286,0,Low,No major risk flags,
CCLM-00250,0.1274,0,Low,No major risk flags,
CCLM-00153,0.1219,0,Low,No major risk flags,
CCLM-00185,0.1193,0,Low,No major risk flags,
CCLM-00442,0.0891,0,Low,No major risk flags,
